{
  "users": [
    {
      "id": "kiko",
      "bio": "um ser humano",
      "img": "https://i.imgur.com/EwOjsrW.png",
      "favoriteAnimes": [
        "ANIME_11013_Inu_x_Boku_SS",
        "ANIME_5114_Fullmetal_Alchemist_Brotherhood"
      ]
    },
    {
      "id": "raul",
      "bio": "um outro humano",
      "img": "https://avatars3.githubusercontent.com/u/31823150?s=400&v=4",
      "favoriteAnimes": [
        "ANIME_23273_Shigatsu_wa_Kimi_no_Uso",
        "ANIME_5114_Fullmetal_Alchemist_Brotherhood"
      ]
    }
  ]
}